{
  "ChooseStoreAction" : {
    "transaction" : "ChooseStoreAction",
    "sampleCount" : 59,
    "errorCount" : 2,
    "errorPct" : 3.3898306,
    "meanResTime" : 9128.288135593222,
    "medianResTime" : 9298.0,
    "minResTime" : 4463.0,
    "maxResTime" : 11103.0,
    "pct1ResTime" : 10176.0,
    "pct2ResTime" : 10322.0,
    "pct3ResTime" : 11103.0,
    "throughput" : 0.03358212565748395,
    "receivedKBytesPerSec" : 0.04430610523755939,
    "sentKBytesPerSec" : 0.022277284694462423
  },
  "Add Item" : {
    "transaction" : "Add Item",
    "sampleCount" : 37,
    "errorCount" : 37,
    "errorPct" : 100.0,
    "meanResTime" : 4694.702702702702,
    "medianResTime" : 4703.0,
    "minResTime" : 3389.0,
    "maxResTime" : 5795.0,
    "pct1ResTime" : 5297.8,
    "pct2ResTime" : 5408.000000000001,
    "pct3ResTime" : 5795.0,
    "throughput" : 0.03813355814955363,
    "receivedKBytesPerSec" : 0.04647527399476849,
    "sentKBytesPerSec" : 0.05358807634492937
  },
  "WatchOrderAction" : {
    "transaction" : "WatchOrderAction",
    "sampleCount" : 14,
    "errorCount" : 14,
    "errorPct" : 100.0,
    "meanResTime" : 2297.7857142857147,
    "medianResTime" : 2285.5,
    "minResTime" : 1794.0,
    "maxResTime" : 2774.0,
    "pct1ResTime" : 2736.5,
    "pct2ResTime" : 2774.0,
    "pct3ResTime" : 2774.0,
    "throughput" : 0.00837783058470675,
    "receivedKBytesPerSec" : 0.0051052405125556755,
    "sentKBytesPerSec" : 0.005538858697115692
  },
  "Search Store" : {
    "transaction" : "Search Store",
    "sampleCount" : 59,
    "errorCount" : 3,
    "errorPct" : 5.084746,
    "meanResTime" : 19214.915254237287,
    "medianResTime" : 16461.0,
    "minResTime" : 11930.0,
    "maxResTime" : 122186.0,
    "pct1ResTime" : 18223.0,
    "pct2ResTime" : 40092.0,
    "pct3ResTime" : 122186.0,
    "throughput" : 0.03346002774346707,
    "receivedKBytesPerSec" : 0.08769799280240777,
    "sentKBytesPerSec" : 0.04552681608553971
  },
  "Total" : {
    "transaction" : "Total",
    "sampleCount" : 532,
    "errorCount" : 130,
    "errorPct" : 24.43609,
    "meanResTime" : 106329.51315789476,
    "medianResTime" : 22070.5,
    "minResTime" : 343.0,
    "maxResTime" : 518340.0,
    "pct1ResTime" : 418588.79999999993,
    "pct2ResTime" : 474592.54999999993,
    "pct3ResTime" : 509804.2999999999,
    "throughput" : 0.26022635779950243,
    "receivedKBytesPerSec" : 0.27959018949688264,
    "sentKBytesPerSec" : 0.16126097004510917
  },
  "SearchStoreAction" : {
    "transaction" : "SearchStoreAction",
    "sampleCount" : 79,
    "errorCount" : 2,
    "errorPct" : 2.5316455,
    "meanResTime" : 29797.06329113924,
    "medianResTime" : 7176.0,
    "minResTime" : 1407.0,
    "maxResTime" : 474049.0,
    "pct1ResTime" : 8294.0,
    "pct2ResTime" : 377709.0,
    "pct3ResTime" : 474049.0,
    "throughput" : 0.04480223217197252,
    "receivedKBytesPerSec" : 0.05956000858473151,
    "sentKBytesPerSec" : 0.030843625322902163
  },
  "Watch order" : {
    "transaction" : "Watch order",
    "sampleCount" : 14,
    "errorCount" : 14,
    "errorPct" : 100.0,
    "meanResTime" : 2297.7857142857147,
    "medianResTime" : 2285.5,
    "minResTime" : 1794.0,
    "maxResTime" : 2774.0,
    "pct1ResTime" : 2736.5,
    "pct2ResTime" : 2774.0,
    "pct3ResTime" : 2774.0,
    "throughput" : 0.008377815544438326,
    "receivedKBytesPerSec" : 0.0051052313473921055,
    "sentKBytesPerSec" : 0.00553884875350073
  },
  "Login" : {
    "transaction" : "Login",
    "sampleCount" : 298,
    "errorCount" : 30,
    "errorPct" : 10.067114,
    "meanResTime" : 179364.8590604026,
    "medianResTime" : 62483.0,
    "minResTime" : 343.0,
    "maxResTime" : 518340.0,
    "pct1ResTime" : 464813.5000000002,
    "pct2ResTime" : 495754.60000000003,
    "pct3ResTime" : 513729.94,
    "throughput" : 0.14575961793371556,
    "receivedKBytesPerSec" : 0.16152104211890464,
    "sentKBytesPerSec" : 0.08257205547840948
  },
  "LoginAction" : {
    "transaction" : "LoginAction",
    "sampleCount" : 298,
    "errorCount" : 30,
    "errorPct" : 10.067114,
    "meanResTime" : 179364.85570469787,
    "medianResTime" : 62483.0,
    "minResTime" : 343.0,
    "maxResTime" : 518340.0,
    "pct1ResTime" : 464813.5000000002,
    "pct2ResTime" : 495754.60000000003,
    "pct3ResTime" : 513729.94,
    "throughput" : 0.14576589215084912,
    "receivedKBytesPerSec" : 0.16152799478593446,
    "sentKBytesPerSec" : 0.0825756097893536
  },
  "WatchCartAction" : {
    "transaction" : "WatchCartAction",
    "sampleCount" : 37,
    "errorCount" : 37,
    "errorPct" : 100.0,
    "meanResTime" : 2359.5405405405404,
    "medianResTime" : 2324.0,
    "minResTime" : 1689.0,
    "maxResTime" : 2985.0,
    "pct1ResTime" : 2639.6000000000004,
    "pct2ResTime" : 2836.5000000000005,
    "pct3ResTime" : 2985.0,
    "throughput" : 0.03822349587961045,
    "receivedKBytesPerSec" : 0.023292442801637617,
    "sentKBytesPerSec" : 0.024636237578655174
  },
  "AddItemAction" : {
    "transaction" : "AddItemAction",
    "sampleCount" : 45,
    "errorCount" : 45,
    "errorPct" : 100.0,
    "meanResTime" : 2323.666666666668,
    "medianResTime" : 2319.0,
    "minResTime" : 1615.0,
    "maxResTime" : 2906.0,
    "pct1ResTime" : 2617.0,
    "pct2ResTime" : 2777.5999999999995,
    "pct3ResTime" : 2906.0,
    "throughput" : 0.045979078497526325,
    "receivedKBytesPerSec" : 0.028018500959430103,
    "sentKBytesPerSec" : 0.03497822475544239
  }
}